section title,start page,end page
general_requirements,10,26
existing_conditions,28,93
masonry,98,122
metals,124,168
wood_plastics_composites,170,223
thermal_moisture_protection,226,266
openings,268,320
finishes,322,375
specialties,378,405
equipment,408,437
furnishings,440,455
special_construction,458,478
conveying_equipment,480,486
fire_suppression,490,494
plumbing,496,528
heating_ventilation_air_conditioning,532,570
electrical,572,608
communications,610,612
electronic_safety_sensors,614,617
earthwork,620,652
exterior_improvements,658,682
utilities,684,714
transportation,716,719
waterway_marine,722,722
material_processing_handling_equipment,724,724
pollution_control_equipment,728,728
electrical_power_generation,734,734
